
INSERT INTO Species VALUES 
(0, 'Porcine reproductive and respiratory syndrome virus', 'PRRSV', 
'A virus that causes a disease of pigs, PRRSV, also known as blue-ear pig disease.This economically important, panzootic disease causes reproductive failure in breeding stock andrespiratory tract illness in young pigs. The disease costs almost 1.5b€ every year to the swine industry.'),
(1, 'temp', 'T', 'temporary variable');


INSERT INTO Strains VALUES
('AF046869', 15428, 0,'cgcccgggcaggtgttggctctatgcctcggcatttgtattgtcaggagctgtgaccattggcacagcccaaaacttgctgcacagaaacacccttctgtgacagcctccttcaggggagcttagggtttgtccctagcaccttgcttccggagttgcactgctttacggtctctccacccctttaaccatgtctgggatacttgatcggtgcacgtgtacccccaatgccagggtgtttgtggcggagggccaagtctactgcacacgatgtctcagtgcacggtctctccttcccctgaacctccaagtttctgagctcggggtgctaggcctgttctacaggcccgaagagccactccggtggacgttgccacgtgcattccccactgttgagtgctcccccgctggggcctgctggctttctgcaatctttccaatcgcacgaatgaccagtggaaacctgaacttccaacaaagaatggtacgggtcgcagctgagatttacagagccggccagctcacccctgcagtcttgaaggctctacaagtttatgaacggggttgccgctggtaccccattgttggacctgtccctggagtggccgttttcgccaattccctacatgtgagtgataaacctttcccgggagcaactcacgtgttgaccaacctgccgctcccgcagagacccaagcctgaggacttttgcccctttgagtgtgctatggctactgtctatgacattggtcatgacgccgtcatgtatgtggccgaagggaaaatctcctgggcccctcgtggcggggatgaagtgaaatttgaagctgtccccggggagttgaagttgattgcgaaccggctccgcacctccttcccgccccaccacgcagtggacatgtctaagttcgccttcacagcccctgggtgtggtgtttctatgcgggtcgaacgccaacacggctgccttcccgctgacactgtccctgaaggcaactgctggtggagcttgtttgacttgctcccactggaagttcaggacaaagaaattcgccatgctaaccaatttggctaccagaccaagcatggtgtctctggcaagtacctacagcggaggctgcaagttaatggtctccgagcagtaactgactcaaacggacctatcgtcgtgcaatacttctccgtcaaggagagttggatccgccatttgaaactggcgggagaacccagctactctgggtttgaggacctcctcagaataagggttgagcctaacacatcgccattggctaacacggaaggaaagattttccggtttggcagtcacaagtggtacggcgctggaaagagagcaagaaaagcacgctcttgtgcgactgctacagtcgctggccgcgctttgtccgttcgtgaaacccggcaggccaaggagcatgaggttgccggcgccgacaaggctgagcacctcaaacactactccccgcctgccgaagggaattgtggttggcactgcatttccgccatcgccaaccggatggtgaattccatctttgaaaccacccttcccgaaagagtgaggcccccagatgactgggctactgacgatgatcttgcgaatgccatccaaatcctcagactccctgcagccttagacaggaacggtgcttgtacaagcgccaagtacgtacttaagctagaaggtgagcattggactgtcactgtgacccctgggatgtccccttctttgctccctcttgaatgtgttcagggctgttgtgagcacaagggcggtcttggttccccagatgcaatcgaggtctctggatttgaccctgcctgccttgactggctggctgaggtgatgcacctgcctagcagtgctatcccagccgctctggccgaaatgtctggcgattccgatcgttcggcttctccggtcaccaccgtgtggactgtttcgcagttctttgcccgtcacagcggagggaatcaccctgaccaagtgcgcttagggaaaattatcagtctctgtcaggtgattgaggactgctgctgttcccagaacaaaaccaaccgggtcaccccggaggaggtcgcagcaaagattgacctgtacctccgtggcgcaacaaatcttgaagaatgcttggccaggcttgagaaagcgcgcccgccgcgcgtaatcgacacctcctttgattgggatgttgtgctccctggggttgaggcggcaacccaaacaaacaagctgccccaggtcaaccagtgtcgtgctctggtccctgttgtgactcaaaagtccttggacaacaactcggtccccctgaccgccttttcactggctaactactactaccgtgcgcaaggtgacgaagttcgtcaccgtgaaagactaaccgccgtgctctccaagttggaagaggttgttcgagaagaatatgggctcatgccaaccgagcctggtccacggcccacactgccacgcgggctcgacgaactcaaagaccagatggaggaggacttgctgagactggctaacgcccaggcgacttcggacatgatggcatgggcagtcgagcaggttgacctaaaaacttgggtcaagaactacccgcggtggacaccaccaccccctccgccaaaagttcagcctcgaaaaacgaagcctgtcaagagcttgccggagagaaagcctgtccccgctccgcgcaggaaggttgggcccgattgtggcagcccggtttcattaggcggcgatgtccctaacagttgggaagatttggctgttagtagccccttggatctcccgaccccacctgagccggcaacactttcaagtgagctagtgattgtgtcctcaccgcaatgcatctttaggccggcgacacccttgagtgagccggctccaattcccgcacctcgcggaactgtgtctcgaccggtgacacccttgagtgagccgatccctgtgcccgcaccgcggcgtaagtttcagcaggtgaaaagattgagttcggcggcggcagtcccactgcaccagaacgagcccctggatttgtctgcttcctcacagactgaatatgaggcctccccctcagcgccgccgcagagcgggggcgttctgggagtagaggggcatgaagctgaggaaaccctgagtgaaatctcggacatgtcgggtaacattaaacctgcgtccgtgtcatcaagcagctccttgtccagcgtggaaatcacacgcccaaaatactcagctcaagccatcatcgactcgggcgggccctgcagtgggcatctccaaggggtaaaggaaacatgccttagtgtcatgcgcgaggcatgtgatgcgactaagcttgatgaccctgctacgcaggaatggctttctcgcatgtgggatcgggtggacatgctgacttggcgcaacacgtctgtttgccaggcgattcgcaccttagatggcaggttaaagttcctcccaaaaatgatactcgagacaccgccgccctatccgtgtgagtttgtgatgatgcctcacacgcctgcaccttccgtaggtgcggagagtgaccttaccattggctcagttgctactgaagatgttccacgcatcctcgagaaaatagaaaatgtcggcgagatggccaaccaggaaccctcggccttctccgaggataaaccggtagatgaccagcttgtcaacgacccccggatatcgtcgcggaggcctgacgagagcacagcagctccgtctgcaggcacaggtggcgccggctcttttaccgatttgccgtcttcagatggcgcggatgcggacgggggggggccgtttcggacggcaaaaagaaaagctgaaaggctctttgatcaactgagccgtcaggtttttgacctcgtctcccatctccctgttttcttctcacgccttttccaccctggcggtggttattctacgggtgattggggttttgcagcttttactctattgtgcctctttttatgttacagttacccagcctttggcattgctcccctcttgggtgtgttttctgggacttctcggcgcgttcgaatgggggtttttggctgctggttggcttttgctgttggtctgttcaagcctgtgtccgacccagtcggcgctgcttgtgagtttgactcgccagagtgtagaaatatccttctttcttttgagcttctcaaaccttgggaccctgttcgcagccttgttgtgggccccgtcggtctcggtcttgccattcttggcaggttactgggcggggcacgctgcatctggcactttttgcttaggcttggcattgttgcagactgtatcttggctggagcttacgtgctttctcaaggcaggtgtaaaaagtgctggggatcttgtataagaactgctcctaatgaggtcgcttttaacgtgttccctttcacacgtgcgaccagatcgtcacttatcgacctgtgcgatcggttttgtgcgccaaaaggaatggaccccatttttctcgccactgggtggcgcggatgctgggccggccgaagccccattgagcaaccctctgaaaaacccatcgcgtttgctcaattggatgaaaagaagattacggctagaactgtggtcgcccagccttatgaccccaaccaagccgtaaagtgcttgcgggtattgcaggcgggtggggcgatggtggctgaggcggtcccaaaagtggtcaaggtttccgctgttccattccgagcccccttctttcccactggagtgaaagttgaccctgattgcagggtcgtagtcgaccctgacactttcactgcagctctccggtctggctactccaccacaaacctcgtccttggtgtaggggactttgcccagctgaatggattaaaaatcaggcaaatttccaagccttcagggggaggcccacatctcatggctgccttgcatgttgcctgctcgatggctctgcacatgcttactgggatttatgtgactgcggtgggttcttgcggcaccggcaccaacgacccgtggtgcgctaacccgtttgccgtccctggctacggacctggctctctgtgcacgtccagattgtgcatttcccaacacggccttaccctgcccttgacagcacttgtggcgggattcggcattcaagaaattgccttggtcgttttgatttttgtttccatcggaggcatggctcataggttgagctgtaaggctgacatgctgtgcattttgcttgcaattgccagctatgtttgggtacctctcacctggttgctttgtgtgtttccttgctggttgcgctgtttttctttgcaccccctcaccatcctatggttggtgtttttcttgatttctgtgaatatgccttcaggaatcttggccatggtgttgttggtttctctttggcttcttggtcgctatactaatgttgctggccttgtcaccccctacgacattcatcattacaccagtggcccccgcggtgttgccgccttggctaccgcaccagatgggacctacttggccgctgtccgccgcgctgcgttgactggccgcaccatgctgtttaccccgtcccagcttgggtctcttcttgagggtgctttcagaactcgaaagccctcactgaacaccgtcaatgtgatcgggtcctccatgggctctggcggggtgtttaccatcgacgggaaggtcaagtgcgtaactgccgcacatgtccttacgggcaattcagctcgggtctccggggtcggcttcaatcaaatgcttgactttgacgtaaagggagatttcgctatagctgattgcccgaattggcaaggggctgcccccaaggcccaattctgcgcggatggatggactggccgtgcctattggctaacatcctctggcgtcgaacccggcgtcattggaaaaggattcgccttctgcttcaccgcatgtggcgattccgggtccccagtgatcaccgaggccggtgagcttgtcggcgttcacacgggatcgaataaacaaggggggggcattgttacgcgcccctcaggccagttttgtaatgtggcacccatcaagctaagcgaattaagtgaattctttgctgggcctaaggtcccgctcggtgatgtgaaggtcggcagccacataattaaagacataagcgaggtgccttcagatctttgtgccttgcttgctgccaaacctgaactggaaggaggcctctccaccgtccaacttctttgtgtgttttttctcctgtggagaatgatgggacatgcctggacgcccttggttgctgtgagtttctttattttgaatgaggttctcccagccgtcctggtccggagtgttttctcctttggaatgtttgtgctctcctggctcacgccatggtctgcgcaaattctgatgatcaggcttctgacagcagcccttaacaggaacagatggtcacttgcctttttcagcctcggtgcagtgaccggttttgtcgcagatcttgcggccactcaggggcatccgttgcaggcagtgatgaatttgagcacctatgcattcctgcctcggatgatggttgtgacctcaccagtcccagtgatcacgtgtggtgtcgtgcacctacttgccatcattttgtacttgtttaagtaccgtggcctgcaccagatccttgttggcgatggagtgttctctgcggctttcttcttgagatactttgccgagggaaagttgagggaaggggtgtcgcaatcctgcggaatgaaccatgagtctctgactggtgccctcgctatgagactcaatgacgaggacttggatttccttatgaaatggactgattttaagtgctttgtttctgcgtccaacatgaggaatgcagcgggtcaatttatcgaggctgcctatgctaaagcacttagagtagaactggcccagttggtgcaggttgataaagttcgaggagttttggccaaacttgaagcttttgctgataccgtggcacctcaactctcgcccggtgacattgttgtcgctctcggccacacgcctgttggcagtatcttcgacctaaaggttggtagcaccaagcataccctccaagccattgagactagagtccttgctgggtccaaaatgaccgtggcgcgcgtcgtcgatccgacccccacgcccccacccgcacccgtgcccattcccctcccaccgaaagttctggagaatggccccaacgcttggggggatgaggaccgtttgaataagaagaagaggcgcaggatggaagccctcggcatctatgttatgggcgggaaaaagtaccagaaattttgggacaagaattccggtgatgtgttttatgaggaggtccataacaacacagatgagtgggagtgtctcagagttggcgaccctgctgactttgaccctgagaagggaactctgtgtggacatgtcaccattgaaaacaaggcttaccatgtttacatctccccatctggtaagaagttcttggtccccgtcaacccagagaatggaagagtccaatgggaagctgcaaagctttccatggagcaggccctaggtatgatgaatgtcgacggcgaactgactgccaaagaactggagaaactgaaaagaataattgacaaactccagggcctgactaaggagcagtgtttaaactgctagccgccagcggcttgacccgctgtggtcgcggcggcttggttgttactgagacagcggtaaaaatagtcaaatttcacaaccggaccttcaccctgggacctgtgaatttaaaagtggccagtgaggttgagctaaaagacgcggttgagcacaaccaacacccggttgcgagaccgatcgatggtggagttgtgctcctgcgttccgcggttccttcgcttatagacgtcttgatctccggtgctgatgcatctcccaagttacttgcccatcatgggccgggaaacactgggatcgatggcacgctctgggattttgagtccgaagccactaaagaggaagtcgcactcagtgcgcaaataatacaggcttgtgacatcaggcgcggcgatgctcctaaaattggtctcccttacaaactgtaccctgttaggggtaaccctgagcgggtgaaaggagttctgcagaatacaaggtttggagacataccttacaaaacccccagtgacactggaagcccagtgcacgcggctgcctgccttacgcccaacgccactccggtgactgacgggcgctccgtcttggccacgaccatgccccccgggtttgagttatatgtaccgaccataccagcgtctgtccttgattaccttgactctaggcctgactgcccaaaacagctgacagagcacggctgcgaagatgccgcactgaaagacctctctaaatatgacttgtccacccaaggctttgttttacctggagtccttcgccttgtgcggaaatacctgtttgcccatgtaggtaagtgcccacccgttcatcggccttctacttaccctgctaagaattctatggctgggataaatgggaacaggttcccaaccaaggacattcagagcgtccctgaaatcgacgttctgtgcgcacaggctgtgcgagaaaactggcaaactgtcaccccttgtactctcaagaaacagtattgcgggaagaagaagactaggaccatactcggcaccaataacttcatcgcactagcccaccgagcagcgttgagtggtgttacccagggtttcatgaaaaaggcgtttaactctcccatcgccctcggaaagaacaagttcaaggagctacagacttcggtcctgggcaggtgccttgaagctgatctcgcatcctgcgatcgatccacgcctgcaattgtccgctggtttgccgccaaccttctttatgaacttgcctgtgctgaagagcatctaccgtcgtacgtgctgaactgctgccacgacttactggtcacgcagtccggcgcggtgactaagagaggtggcctgtcgtctggcgacccgatcacctctgtgtctaacaccatttatagtttggtgatctatgcacagcatatggtgcttagttacttcaagagtggtcacccccatggcctcctgttcttacaagaccagctgaagtttgaggacatgctcaaggtccaacccctgatcgtctattcggacgacctcgtgctgtatgccgagtctcccaccatgccaaactatcactggtgggttgaacatctgaatttgatgctggggtttcagacggacccaaagaagacagcaataacagactcgccatcatttctaggctgtagaataataaatgggcgccagctagtccccaaccgtgacaggatcctcgcggccctcgcctatcacatgaaggcgagcaatgtttctgaatactatgcctcagcggctgcaatactcatggacagctgtgcttgtttggagtatgatcctgaatggtttgaagaacttgtagtcggaatagcgcagtgcgcccgcaaggacggctacagctttcccggcacgccgttcttcatgtccatgtgggagaaactcaggtccaattatgaggggaagaagtcgagagtgtgcgggtactgcggggccccggccccgtacgctactgcctgtggcctcgacgtctgcatttaccacacccacttccaccagcattgtccagtcacaatctggtgtggtcatccagcgggttctggttcttgtagtgagtgcaaatcccctgtagggaaaggcacaagccctttagacgaagtgctggaacaagtcccgtataagcccccacggaccgtcatcatgcatgtggagcagggtctcaccccccttgatccaggtagataccaaactcgccgcggattagtctctgtcaggcgtggaattaggggaaatgaagttgaactaccagacggtgattatgctagcaccgccttgctccctacctgcaaagagatcaacatggtcgctgtcgcttccaatgtattgcgcagcaggttcatcatcggcccacccggtgctgggaaaacatactggctccttcaacaggtccaggatggtgatgttatttacacaccaactcaccagaccatgcttgacatgattagggctttgggaacgtgccggttcaacgtcccggctggcacaacgctgcaattccccgtcccctcccgcaccggtccgtgggttcgcatcctagccggcggttggtgtcctggcaagaattccttcctagatgaagcagcgtattgcaaccaccttgatgttttgaggcttcttagtaaaactaccctcacctgtctaggagacttcaagcaactccacccagtgggttttgactctcattgctatgtttttgacatcatgcctcaaactcaactgaagaccatctggaggtttggacagaatatctgtgatgccattcagccagattacagggacaaactcatgtctatggtcaacacaacccgtgtgacctacgtggaaaaacctgtcaggtatgggcaggtcctcaccccctaccacagggaccgagaggacgacgccatcactattgattccagtcaaggtgccacattcgatgtggttacattgcatttgcccactaaagattcactcaacaggcaaagagcccttgttgccatcaccagggcaagacacgctatctttgtgtatgacccgcacaggcagctgcagggcctgtttgatcttcctgcaaaaggcacacccgtcaacctcgcagtgcaccgcgacgggcagctgatcgtgctggatagaaataacaaagaatgcacggttgctcaggctctaggcaacggggataaatttagggccacagataagcgcgttgtagattctctccgcgccatttgtgctgacctagaagggtcgagctctccgctccccaaggtcgcacacaacttgggattttatttctcacctgatttaacacagtttgctaaactcccagtagaacttgcacctcactggcccgtggtgacaacccagaacaatgaaaagtggccagatcggctggttgccagccttcgccctatccacaaatacagccgcgcgtgcatcggtgccggctatatggtgggcccttcggtgtttctaggcactcctggggtcgtgtcatactatctcacaaaatttgttaagggcgaggctcaattgcttccggagacggttttcagcaccggccgaattgaggtagactgccgggaatatcttgatgatcgggagcgagaagttgctgcgtccctcccacacgccttcattggcgacgtcaaaggcactaccgttggaggatgtcatcatgtcacctccagatacctcccgcgcgtccttcccaaggaatcagttgcggtagtcggggtttcaagccccggaaaagccgcgaaagcattgtgcacactgacagatgtgtacctcccagatcttgaagcctatctccacccggagacccagtccaagtgctggaaaatgatgttggacttcaaagaagttcgactaatggtctggagagacaaaacagcctatttccaacttgaaggtcgctatttcacctggtatcagcttgccagctatgcctcgtacatccgtgttcctgtcaactctacggtgtacttggacccctgcatgggccccgccctttgcaacaggagagtcgtcgggtccacccactggggggctgacctcgcggttaccccttatgattacggcgctaaaatcatcctgtctagcgcgtaccatggtgaaatgccccccggatacaaaattctggcgtgcgcggagttctcgttggatgacccagttaggtacaaacacacttgggggtttgaatcggatacagcgtatctgtatgagttcaccggaaacggtgaggactgggaggattacaatgatgcgtttcgtgcgcgccaggaagggaaaatttacaaggccactgccaccagcttgaagtttcattttcccccgggccctgtcattgaaccaactttaggcctgaattgaaatgaaatggggtccatgcaaagcctttttgacaaaattggccaactttttgtggatgctttcacggagttcttggtgtccattgttgatatcattatatttttggccattttgtttggcttcaccatcgccggttggttggtggtcctttgcatcagattggtttgctccgcgatactccgtacgcgccctgccattcactctgagcaattacagaagatcttatgaggcctttctttcccagtgccaagtggacattcccacctggggaactaaacatcctttggggatgctttggcaccataaggtgtcaaccttgatagatgaaatggtgtcgcgtcgaatgtaccgcatcatggaaaaatcagggcaggctgcctggaaacaggtggtgagcgaggctacactgtctcgcattagtagtttggatgtggtggctcattttcagcatctagccgccattgaagccgagacctgcaaatatttggcctcccggctgcccatgctacacaacctgcgcatgacaggttcaaatgtaaccatagtgtataatagcactttgaatcaggtgtttgctatttttccaacccctggttcccgaccaaagcttcatgattttcagcaatggttaatagctgtacattcctccatattttcctctgttgcagcttcttgtactctttttgttgtgctgtggttgcgggttccaattctacgtactgtttttggtttccgctggttaggggcaatttttcattcgaactcacagtgaattacacggtgtgtccaccttgcctcacccggcaagcagccacagagatctacgaacccggtaggtctctttggtgcaggatagggcatgaccgatgtggggaggatgatcatgacgagctggggtttatggtaccgcctggcctctccagcgaaggccacttgactagtgtttacgcctggttggcgttcttgtccttcagctacacggcccagttccatcccgagatattcgggatagggaatgtgagtcgagtttatgtcgacatcaaacatcaactcatctgcgccgaacatgacgggcagaacgccaccttgtctcgtcatgacaatatttcagccgtgtttcagacctattaccaacatcaagtcgacggcggcaattggtttcacctagaatggcttcgtcccttcttttcctcgtggttggttttaaatgtctcttggtttctcaggcgttcgcctgcaaaccatgtttcagttcgagtcttgcagatattgagaccaacaccaccgcagcggcaggctttgctgtcctccaagacatcagttgccttaggcatcgcgactcggcctctgaggcgattcgcaaaatccctcagtgccgtacggcgatagggacacccgtgtatgttaccatcacagccaatgtgacagatgagaattatttacattcttctgatctcctcatgctttcttcttgccttttctatgcttctgagatgagtgaaaagggatttaaggtggtatttggcaatgtgtcaggcatcgtggctgtgtgtgtcaactttaccagctatgtccaacatgtcaaggagtttacccaacgctccctggtggtcgaccatgtgcggttgctccatttcatgacacctgagaccatgaggtgggcaactgttttagcctgtctttttgccattctgttggcaatttgaatgtttaagtatgttggagaaatgcttgaccgcgggctgttgctcgcgattgctttctttgtggtgtatcgtgccgttctgttttgctgtgctcgccaacgccagcaacagcagcagctcccatctacagctgatttacaacttgacgttatgtgagctgaatggcacagattggctagccaacagatttgattgggcagtggagagttttgtcatttttcccgttttgactcacattgtctcctatggtgccctcaccaccagccattttcttgacacagtcgctttagtcactgtgtctaccgccgggtttgttcacgggcggtatgtcctaagtagcatctacgcggtctgtgccctggctgcgttgacttgctttgtcattaggtttgcaaagaattgcatgtcctggcgctatgcgtgcaccagatataccaactttcttttggacactaagggcagactctatcgttggcggtcgcccgtcatcatagagaaaaggggcaaagttgaggtcgaaggtcatctgatcgacctcaaaagagttgtgcttgatggttccgtggcaacccctataaccagagtttcagcggaacaatggggtcgtccttagatgacttctgtcatgatagcacggctccacaaaaggtgctcttggcgttctctattacctacacgccagtgatgatatatgccctgaaggtgagtcgcggccgactgctagggcttttgcaccttttgatcttcctgaattgtgctttcaccttcgggtacatgactttcacgcactttcagagtacaaataaggtcgcgctcactatgggagcagtagttgcactcctttggggggtgtactcagccatagaaacctggaaattcatcacctccagatgccgtttgtgcttgctaggccgcaagtacattctggcccctgcccaccacgttgaaagtgccgcaggctttcatccgattgcggcaaatgataaccacgcatttgtcgtccggcgtcccggctccactacggtcaacggcacattggtgcccgggttgaaaagcctcgtgttgggtggcagaaaagctgttaagcagggagtggtaaaccttgtcaaatatgccaaataacaacggcaagcagcagaagagaaagaagggggatggccagccagtcaatcagctgtgccagatgctgggtaagatcatcgctcagcaaaaccagtccagaggcaagggaccgggaaagaaaaataagaagaaaaacccggagaagccccattttcctctagcgactgaagatgatgtcagacatcactttacccccagtgagcggcaattgtgtctgtcgtcaatccagaccgcctttaatcaaggcgctgggacttgcaccctgtcagattcagggaggataagttacactgtggagtttagtttgcctacgcatcatactgtgcgcctgatccgcgtcacagcatcaccctcagcatgatgggctggcattcttgaggcatctcagtgtttgaattggaagaatgtgtggtgaatggcactgattgacattgtgcctctaagtcacctattcaattagggcgaccgtgtgggggtgagatttaattggcgagaaccatgcggccgaaattaaaaaaaaaaaaaaaaa'),
('AY588319',15146, 0, 'atgatgtgtagggtattccccctacatacacgacacttctagtgtttgtgtaccttggaggcgtgggtacagccccgccccaccccttggcccctgttctagcccaacaggtatccttctctctcggggcgagtgcgccgcctgctgctcccttgcagcgggaaggacctcccgagtatttccggagagcacctgctttacgggatctccaccctttaaccatgtctgggacgttctcccggtgcatgtgcaccccggctgcccgggtattttggaacgccggccaagtcttttgcacacggtgtctcagtgcgcggtctcttctctctccagagcttcaggacactgacctcggtgcagttggcttgttttacaagcctagggacaagcttcactggaaagtccctatcggcatccctcaggtggaatgtactccatccgggtgctgttggctctcagctgttttccctttggcgcgtatgacctccggcaatcacaacttcctccaacgacttgtgaaggttgctgatgttttgtaccgtgacggttgcttggcacctcgacaccttcgtgaactccaagtttacgagcgcggctgcaactggtacccgatcacggggcccgtgcccgggatgggtttgtttgcgaactccatgcacgtatccgaccagccgttccctggtgccacccatgtgttgactaactcgcctttgcctcaacaggcttgtcggcagccgttctgtccatttgaggaggctcattctagcgtgtacaggtggaagaaatttgtggttttcacggactcctccctcaacggtcgatctcgcatgatgtggacgccggaatccgatgattcagccgccctggaggtactaccgcctgagttagaacgtcaggtcgaaatcctcattcggagttttcctgctcatcaccctgtcgacctggccgactgggagctcactgagtcccctgagaacggtttttccttcaacacgtctcattcttgcggtcaccttgtccagaaccccgacgtgtttgatggcaagtgctggctctcctgctttttgggccagtcggtcgaagtgcgctgccatgaggaacatctagctgacgccttcggttaccaaaccaagtggggcgtgcatggtaagtacctccagcgcaggcttcaagttcgcggcattcgtgctgtagtcgatcctgatggtcccattcacgttgaagcgctgtcttgcccccagtcttggatcaggcacctgactctggatgatgatgtcaccccaggattcgttcgcctgacatcccttcgcattgtgccgaacacagagcctaccacttcccggatctttcggtttggagcgcataagtggtatggcgctgccggcaaacgggctcgtgctaagcgtgccgctaaaagtgagaaggattcggctcccacccccaaggttgccctgccggtccccacctgtggaattaccacctactctccaccgacagacgggtcttgtggttggcatgtccttgccgccataatgaaccggatgataaatggtgacttcacgtcccctctgactcagtacaacagaccagaggatgattgggcttctgattatgatcttgttcaggcgattcaatgtctacgactgcctgctaccgtggttcggaatcgcgcctgtcctaacgccaagtaccttataaaacttaacggagttcactgggaggtagaggtgaggtctggaatggctcctcgctccctttctcgtgaatgtgtggttggcgtttgctctgaaggctgtgtcgcaccgccttatccagcagacgggctacctaaacgtgcactcgaggccttggcgtctgcttacagactaccctccgattgtgttagctctggtattgctgactttcttgctaatccacctcctcaggaattctggaccctcgacaaaatgttgacctccccgtcaccagagcggtccggcttctctagtttgtataaattactattagaggttgttccgcaaaaatgcggtgccacggaaggggctttcatctatgctgttgagaggatgttgaaggattgtccgagctccaaacaggccatggcccttctggcaaaaattaaagttccatcctcaaaggccccgtctgtgtccctggacgagtgtttccctacggatgttttagccgacttcgagccagcatctcagaaaaggccccaaagttccggcgctgctgttgtcctgtgttcaccggatgcaaaagagttcgaggaagcagccccagaagaagttcaagagagtggccacaaggccgtccactctgcactccttgccgagggtcctaacaatgagcaggtacaggtggttgccggtgagcaactgaagctcggcggttgtggtttggcagtcgggaatgctcatgaaggtgctctggtctcagctggtctaattaacctggtaggcgggaatttgtccccctcagaccccatgaaagaaaacatgctcaatagccgggaagacgaaccactggatttgtcccaaccagcaccagcttccacaacgacccttgtgagagagcaaacacccgacaacccaggttctgatgccggtgccctccccgtcaccgttcgagaatttgtcccgacggggcctatactctgtcatgttgagcactgcggcacggagtcgggcgacagcagttcgcctttggatctgtctgatgcgcaaaccctggaccagcctttaaatctatccctggccgcttggccagtgagggccaccgcgtctgaccctggctgggtccacggtaggcgcgagcctgtctttgtaaagcctcgaaatgctttctctgatggcgattcagcccttcagttcggggagctttctgaatccagctctgtcatcgagtttgaccggacaaaagatgctccggtggttgacgcccctgtcgacttgacgacttcgaacgaggccctctctgtagtcgatcctttcgaatttgccgaactcaagcgcccgcgtttctccgcacaagccttaattgaccgaggcggtccacttgccgatgtccatgcaaaaataaagaaccgggtatatgaacagtgcctccaagcttgtgagcccggtagtcgtgcaaccccagccaccagggagtggctcgacaaaatgtgggatagggtggacatgaaaacttggcgctgcacctcgcagttccaagctggtcgcattcttgcgtccctcaaattcctccctgacatgattcaagacacaccgcctcctgttcccaggaagaaccgagctagtgacaatgccggcctgaagcaactggtggcacagtgggataggaaattgagtgtgaccccccccccaaaaccggttgggccagtgcttgaccagatcgtccctccgcctacggatatccagcaagaagatgtcaccccctccgatgggccaccccatgcgccggattttcttagtcgagtgagcacgggcgggagttggaaaggccttatgctttccggcacccgtctcgcggggtctatcagccagcgccttatgacatgggtttttgaagttttctcccacctcccagcttttatgctcacacttttctcgccgcggggctctatggctccaggtgattggttgtttgcaggtgtcgttttacttgctctcttgctctgtcgttcttacccgatactcggatgccttcccttattgggtgtcttttctggttctttgcggcgtgttcgtctgggtgtttttggttcttggatggcttttgctgtatttttattctcgactccatccaacccagtcggttcttcttgtgaccacgattcgccggagtgtcatgctgagcttttggctcttgagcagcgccaactttgggaacctgtgcgcggccttgtggtcggcccctcaggcctcttatgtgtcattcttggcaagttactcggtgggtcacgttacctctggcatgttctcctacgtttatgcatgcttgcagatttggccctttctcttgtctatgtggtgtcccaggggcgttgtcacaagtgttggggaaagtgtataaggacagctcctgcggaggtggctcttaatgtatttcctttctcgcgcgccacccgtgtctctcttgtatccttgtgtgatcgattccaaacgccaaaaggggttgatcctgtgcacttggcaacgggttggcgcgggtgctggcgtggtgagagccccatccatcaaccacaccaaaagcccatagcttatgccaatttggatgaaaagaaaatgtctgcccaaacggtggttgctgtcccatacgatcccagtcaggctatcaaatgcctgaaagttctgcaggcgggaggggccatcgtggaccagcctacacctgaggtcgttcgtgtgtccgagatccccttctcagccccatttttcccaaaagttccagtcaacccagattgcagggttgtggtagattcggacacttttgtggctgcggttcgctgcggttactcgacagcacaactggtcctgggccgaggcaactttgccaagttaaatcagaccccccccaggaactctatctccaccaaaacgactggtggggcctcttacacccttgctgtggctcaagtgtctgcgtggactcttgttcatttcatcctcggtctttggttcacatcacctcaagtgtgtggccgaggaaccgctgacccatggtgttcaaatcctttttcatatcctacctatggccccggagttgtgtgctcctctcgactttgtgtgtctgccgacggggtcaccctgccattgttctcagccgtggcacaactctccggtagagaggtggggatttttattttggtgctcgtctccttgactgctttggcccaccgcatggctcttaaggcagacatgttagtggtcttttcggctttttgtgcttacgcctggcccatgagctcctggttaatctgcttctttcctatactcttgaagtgggttacccttcaccctcttactatgctttgggtgcactcattcttggtgttttgtctgccagcagccggcatcctctcactagggataactggccttctttgggcaattggccgctttacccaggttgccggaattattacaccttatgacatccaccagtacacctctgggccacgtggtgcagctgctgtagccacagccccagaaggcacttatatggccgccgtccggagagctgctttaactgggcgaactttaatcttcaccccgtctgcagttggatcccttctcgaaggtgctttcaggactcataaaccctgccttaacaccgtgaatgttgtaggctcttcccttggttccggaggggttttcaccattgatggcagaagaactgtcgtcactgctgcccatgtgttgaacggcgacacagctagagtcaccggcgactcctacaaccgcatgcacactttcaagaccaatggtgattatgcctggtcccatgctgatgactggcagggcgttgcccctgtggtcaaggttgcgaaggggtaccgcggtcgtgcctactggcaaacatcaactggtgtcgaacccggtatcattggggaagggttcgccttctgttttactaactgcggcgattcggggtcacccgtcatctcagaatctggtgatcttattggaatccacaccggttcaaacaaacttggttctggtcttgtgacaacccctgaaggggagacctgcaccatcaaagaaaccaagctctctgacctttccagacattttgcaggcccaagcgttcctcttggggacattaaattgagtccggccatcatccctgatgtaacatccattccgagtgacctggcatcgctcctagcctccgtccctgtagtggaaggcggcctctcgaccgttcaacttttgtgtgtctttttccttctctggcgcatgatgggccatgcctggacacccattgttgccgtgggcttctttttgctgaatgaaattcttccagcagttttggtccgagccgtgttttcttttgcactctttgtgcttgcatgggccaccccctggtctgcacaggtgttgatgattagactcctcacggcatctctcaaccgcaacaagctttctctggcgttctacgcactcgggggtgtcgtcggtttggccgctgaaatcgggacttttgctggcagattgtctgaattgtctcaagctctttcgacatactgcttcttacctagggtccttgctatgaccagttgtgttcccaccatcatcattggtggactccataccctcggtgtgattctgtggttattcaaataccggtgcctccacaacatgctggttggtgatgggagtttttcaagcgccttcttcctacggtattttgcagagggtaatctcagaaaaggtgtttcacagtcctgtggcatgaataacgagtccctaacggctgctttagcttgcaagttgtcacaggctgaccttgattttttgtccagcttaacgaacttcaagtgctttgtatctgcttcaaacatgaaaaatgctgccggccagtacattgaagcagcgtatgccaaggccctgcgccaagagttggcctctctagttcagattgacaaaatgaaaggagttttgtccaagctcgaggcctttgctgaaacagccaccccgtcccttgacataggtgacgtgattgttctgcttgggcaacatcctcacggatccatcctcgatattaatgtggggactgaaaggaaaactgtgtccgtgcaagagacccggagcctaggcggctccaaattcagtgtttgtactgtcgtgtccaacacacccgtggacgccttaaccggcatcccactccagacaccaacccctctttttgagaatggtccgcgtcatcgcagcgaggaagacgatcttaaagtcgagaggatgaagaaacactgtgtatccctcggcttccacaacatcaatggcaaagtttactgcaaaatttgggacaagtctaccggtgacaccttttacacggatgattcccggtacacccaagaccatgcttttcaggacaggtcagccgactacagagacagggactatgagggtgtgcaaaccaccccccaacagggatttgatccgaagtctgaaacccctgttggcactgttgtgatcggcggtattacgtataacaggtatctgatcaaaggtaaggaggttctggcccccaagcctgacaactgccttgaagctgccaagctgtcccttgagcaagctctcgctgggatgggccaaacttgcgaccttacagctgccgaggtggaaaagctaaagcgcatcattagtcaactccaaggtttgaccactgaacaggctttaaactgttagccgccagcggcttgacccgctgtggccgcggcggcctagttgtgactgaaacggcggtaaaaattataaaataccacagcagaactttcaccttaggccctttagacctaaaagtcacttccgaggtggaggtaaagaaatcaactgagcagggccacgctgttgtggcaaacttatgctccggtgtcatcttgatgagacctcacccaccgtcccttgtcgacgttcttctgaaacccggacttgacacaatacccggcattcaaccagggcatggggccgggaatatgggcgtggacggttctatttgggattttgaaaccgcacccacaaaggcagaactcgagttatccaagcaaataatccaagcatgtgaagttaggcgcggggacgccccgaacctccaactcccttacaagctctatcctgttaggggggatcctgagcggcataaaggccgccttatcaataccaggtttggagatttaccttacaaaactcctcaagacaccaagtccgcaatccacgcggcttgttgcctgcaccccaacggggcccccgtgtctgatggtaaatccacactaggtaccactcttcaacatggtttcgagctttatgtccctactgtgccctatagtgtcatggagtaccttgattcacgccctgacaccccttttatgtgtactaaacatggcacttccaaggctgctgcagaggacctccaaaaatacgacctatccacccaaggatttgtcctgcctggggtcctacgcctagtacgcagattcatctttggccatattggtaaggcgccgccattgttcctcccatcaacctatcccgccaagaactctatggcagggatcaatggccagaggttcccaacaaaggacgttcagagcatacctgaaattgatgaaatgtgtgcccgcgctgtcaaggagaattggcaaactgtgacaccttgcaccctcaagaaacagtactgttccaagcccaaaaccaggaccatcctgggcaccaacaactttattgccttggctcacagatcggcgctcagtggtgtcacccaggcattcatgaagaaggcttggaagtccccaattgccttggggaaaaacaaattcaaggagctgcattgcactgtcgccggcaggtgtcttgaggccgacttggcctcctgtgaccgcagcacccccgccattgtaagatggtttgttgctaacctcctgtatgaacttgcaggatgtgaagagtacttgcctagctatgtgcttaattgctgccatgacctcgtggcaacacaggatggtgccttcacaaaacgcggtggcctgtcgtccggggaccccgtcaccagtgtgtccaacaccgtatattcactggtaatttatgcccagcacatggtattgtcggccttgaaaatgggtcatgaaattggtcttaagttcctcgaggaacagctcaagttcgaggacctccttgaaattcagcctatgttggtatactctgatgatcttgtcttgtacgctgaaagacccacctttcccaattaccactggtgggtcgagcaccttgacctgatgctgggtttcagaacggacccaaagaaaaccgtcataactgataaacccagcttcctcggctgcagaattgaggcagggcgacagctagtccccaatcgcgaccgcatcctggctgctcttgcatatcacatgaaggcgcagaacgcctcagagtattatgcgtctgctgccgcaatcctgatggattcatgtgcttgcattgaccatgaccctgagtggtatgaggacctcatctgcggtattgcccggtgcgcccgccaggatggttatagcttcccaggtccggcatttttcatgtccatgtgggagaagctgagaagtcataatgaagggaagaaattccgccactgcggcatctgcgacgccaaagccgactatgcgtccgcttgtgggcttgatttgtgtttgttccattcgcactttcatcaacactgccctgtcactctgagctgcggtcaccatgccggttcaaaggaatgttcgcagtgtcagtcacctgttggggctggcagatcccctcttgatgccgtgctaaaacaaattccatacaaacctcctcgtactgtcatcatgaaggtgggtaataaaacaacggccctcgatccggggaggtaccagtcccgtcgaggtctcgttgcagtcaagaggggtattgcaggcaatgaagttgatctttctgatggagactaccaagtggtgcctcttttgccgacttgcaaagacataaacatggtgaaggtggcttgcaatgtactactcagcaagttcatagtagggccaccaggttccggaaagaccacctggctactgagtcaagtccaggacgatgatgtcatttacacacccacccatcagactatgtttgatatagtcagtgctctcaaagtttgcaggtattccattccaggagcctcaggactccctttcccaccacctgccaggtccgggccgtgggttaggcttattgccagcgggcacgtccctggccgagtatcatacctcgatgaggctggatattgtaatcatctggacattcttagactgctttccaaaacaccccttgtgtgtttgggtgaccttcagcaacttcaccctgtcggctttgattcctactgttatgtgttcgatcagatgcctcagaagcagctgaccactatttacagatttggccctaacatctgcgcagccatccagccttgttacagggagaaacttgaatctaaggctaggaacactagggtggtttttaccacccggcctgtggcctttggtcaggtgctgacaccataccataaagatcgcatcggctctgcgataaccatagattcatcccagggggccacctttgatattgtgacattgcatctaccatcgccaaagtccctaaataaatcccgagcacttgtagccatcactcgggcaagacacgggttgttcatttatgaccctcataaccagctccaggagtttttcaacttaacccctgagcgcactgattgtaaccttgtgttcagccgtggggatgagctggtagttctgaatgcggataatgcagtcacaactgtagcgaaggcccttgagacaggtccatctcgatttcgagtatcagacccgaggtgcaagtctctcttagccgcttgttcggccagtctggaagggagctgtatgccactaccgcaagtggcacataacctggggttttacttttccccggacagtccaacatttgcacctctgccaaaagagttggcgccacattggccagtggttacccaccagaataatcgggcgtggcctgatcgacttgtcgctagtatgcgcccaattgatgcccgctacagcaagccaatggtcggtgcagggtatgtggtcgggccgtccacctttcttggtactcctggtgtggtgtcatactatctcacactatacatcaggggtgagccccaggccttgccagaaacactcgtttcaacagggcgtattgccacagattgtcgggagtatctcgacgcggctgaggaagaggcagcaaaagaactcccccacgcattcattggcgatgtcaaaggtaccacggttggggggtgtcatcacattacatcaaaatacctacctaggtccctgcctaaggactctgttgccgtagttggagtaagttcgcccggcagggctgctaaagccgtgtgcactctcaccgatgtgtacctccccgaactccggccatatctgcaacctgagacggcatcaaaatgctggaaactcaaattagacttcagggacgtccgactaatggtctggaaaggagccaccgcctatttccagttggaagggcttacatggtcggcgctgcccgactatgccaggtttattcagctgcccaaggatgccgttgtatacattgatccgtgtataggaccggcaacagccaaccgtaaggtcgtgcgaaccacagactggcgggccgacctggcagtgacaccgtatgattacggtgcccagaacattttgacaacagcctggttcgaggacctcgggccgcagtggaagattttggggttgcagccctttaggcgagcatttggctttgaaaacactgaggattgggcaatccttgcacgccgtatgaatgacggcaaggactacactgactataactggaactgtgttcgagaacgcccacacgccatctacgggcgtgctcgtgaccatacgtatcattttgcccctggcacagaattgcaggtagagctaggtaaaccccggctgccgcctgggcaagtgccgtgaattcggggtgatgcaatggggtcactgtggagtaaaatcagccagctgttcgtggacgccttcactgagttccttgttagtgtggttgatattgtcattttccttgccatactgtttgggttcaccgtcgcaggatggttactggtctttcttctcagagtggtttgctccgcgcttctccgttcgcgctctgccattcactctcccgaactatcgaaggtcctatgaaggcttgttgcccaactgcagaccggatgtcccacaatttgcattcaagcacccattgggtatgctttggcacatgcgagtttcccacttgattgatgagatggtctctcgtcgcatttaccagaccatggaacattcaggtcaagcggcctggaagcaggtggttggtgaggccactctcacgaagctgtcagggctcgatatagtcactcatttccaacacctggccgcagtggaggcggattcttgccgctttctcagctcacgactcgtgatgctaaaaaatcttgccgttggcaatgtgagcctacagtacaacaccacgttggaccgcgttgagctcatcttccccacgccaggtacgaggcccaagttgaccgatttcagacaatggctcatcagtgtgcacgcttccattttttcctctgtggcttcatctgttaccttgttcatagtgctttggcttcgaattccagctctacgctatgtttttggtttccattggcccacggcaacacatcattcgagctgaccatcaactacaccatatgcatgccctgttctaccagtcaagcggctcgccaaaggctcgagcccggtcgtaacatgtggtgcaaaatagggcatgacaggtgtgaggagcgtgaccatgatgagttgttaatgtccatcccgtccgggtacgacaacctcaaacttgagggttattatgcttggctggcttttttgtccttttcctacgcggcccaattccatccggagttgttcgggatagggaatgtgtcgcgcgtcttcgtggacaagcgacaccagttcatttgtgccgagcatgatggacacaattcaaccgtatctaccggacacaacatctccgcattatatgcggcatattaccaccaccaaatagacgggggcaattggttccatttggaatggctgcggccactcttttcttcctggctggtgctcaacatatcatggtttctgaggcgttcgcctgtaagccctgtttctcgacgcatctatcagatattgagaccaacacgaccgcggctgccggtttcatggtccttcaggacatcaattgtttccgacctcacggggtctcagcagcgcaagagaaaatttccttcggaaagtcgtcccaatgtcgtgaagccgtcggtactccccagtacatcacgataacggctaacgtgaccgacgaatcatacttgtacaacgcggacctgctgatgctttctgcgtgccttttctacgcctcagaaatgagcgagaaaggcttcaaagtcatctttgggaatgtctctggcgttgtttctgcttgtgtcaatttcacagattatgtggcccatgtgacccaacatacccagcagcatcatctggtaattgatcacattcggttgctgcatttcctgacaccatctgcaatgaggtgggctacaaccattgcttgtttgttcgccattctcttggcaatatgagatgttctcacaaattggggcgtttcttgactccgcactcttgcttctggtggctttttttgctgtgtaccggcttgtcctggtcctttgccgatggcaacggcgacagctcgacataccaatacatatataacttgacgatatgcgagctgaatgggaccgactggttgtccagccattttggttgggcagtcgagacctttgtgctttacccggttgccactcatatcctctcactgggttttctcacaacaagccatttttttgacgcgctcggtctcggcgctgtatccactgcaggatttgttggcgggcggtacgtactctgcagcgtctacggcgcttgtgctttcgcagcgttcgtatgttttgtcatccgtgctgctaaaaattgcatggcctaccgctatgcccgtacccggtttaccaacttcattgtggacgaccgggggagagttcatcgatggaagtctccaatagtggtagaaaaattgggcaaagccgaagtcgatggcaacctcgtcaccatcaaacatgtcgtcctcgaaggggttaaagctcaacccttgacgaggacttcggctgagcaatgggaggcctagacgatttttgcaacgatcctatcgccgcacaaaagctcgtgctagcctttagcatcacatacacacctataatgatatacgcccttaaggtgtcacgcggccgactcctggggctgttgcacatcctaatatttctgaactgttcctttacattcggatacatgacatatgtgcattttcaatccactaaccgtgtcgcacttaccctgggggctgttgtcgcccttctgtggggtgtttacagcttcacagagtcatggaagtttatcacttccagatgcagattgtgttgccttggccggcgatacattctggcccctgcccatcacgtagaaagtgctgcaggtctccattcaatctcagcgtctggtaaccgagcatacgctgtgagaaagcccggactaacatcagtgaacggcactctagtaccaggacttcggagcctcgtgctgggcggcaaacgagctgttaaacgaggagtggttaacctcgtcaagtatggccggtaaaaaccagagccagaagaaaaagaaaagtacagctccgatggggaatggccagccagtcaatcaactgtgccagttgctgggtgcaatgataaagtcccagcgccagcaacctaggggaggacaggccaaaaagaaaaagcctgagaagccacattttcccctggctgctgaagatgacatccggcaccacctcacccagactgaacgctccctctgcttgcaatcgatccagacggctttcaatcaaggcgcaggaactgcgtcgctttcatccagcgggaaggtcagttttcaggttgagtttatgctgccggttgctcatacagtgcgcctgattcgcgtgacttctacatccgccagtcagggtgcaagttaatttgacagtcaggtgaatggccgcgattggcgtgtggcctctgagtcacctattcaattagggcgatcacatgggggtcatacttaatcaggcaggaaccatgtgaccgaaattaaaaaaaaaaaaaaaaaaaaaaaaaaaaaaaaaaaaaaaaaaaaaaaa')

;

INSERT INTO Proteins VALUES
(0, 'non-structural'),
(1, 'non-structural'),
(2, 'structural'),
(3, 'structural'),
(4, 'structural'),
(5, 'structural'),
(6, 'structural'),
(7, 'structural'),
(8, 'structural');

INSERT INTO Strain_Protein VALUES
('AF046869', 0),
('AF046869', 1),
('AF046869', 2),
('AF046869', 3),
('AF046869', 4),
('AF046869', 5),
('AF046869', 6),
('AF046869', 7),
('AY588319', 0),
('AY588319', 1),
('AY588319', 2),
('AY588319', 8),
('AY588319', 3),
('AY588319', 4),
('AY588319', 5),
('AY588319', 6),
('AY588319', 7);

INSERT INTO NonStructuralProteins VALUES
(0, 'endopeptiase', 'an enzyme that breaks peptide bonds other than terminal ones in a peptide chain'),
(1, 'replicase', 'creates cRNA strand from a template RNA strand');

INSERT INTO StructuralProteins VALUES
(2, 'prrsv glycosylated envelope protein 2',''),
(3, 'prrsv glycosylated envelope protein 3',''),
(4, 'prrsv glycosylated envelope protein 4',''),
(5, 'prrsv glycosylated envelope protein 5',''),
(6, 'prrsv membrane protein 2','encodes the PRRSV membrane'),
(7, 'prrsv nucleocapsid protein', 'encodes the PRRSV nucleocapsid'),
(8, 'prrsv glycosylated envelope protein 2b','');

INSERT INTO OpenReadingFrames VALUES
('AF046869', '1a', 0, 190, 7701),
('AF046869', '1b', 1, 7680, 12071),
('AF046869', '2', 2, 12073, 12843),
('AF046869', '3', 3, 12696, 13460),
('AF046869', '4', 4, 13241, 13777),
('AF046869', '5', 5, 13788, 14390),
('AF046869', '6', 6, 14375, 14899),
('AF046869', '7', 7, 14889, 15260) ,
('AY588319', '1a', 0, 222, 7412),
('AY588319', '1b', 1, 7394, 11785),
('AY588319', '2a', 2, 11796, 12545),
('AY588319', '2b', 8, 11801, 12013),
('AY588319', '3', 3, 12404, 13201),
('AY588319', '4', 4, 12946, 13497),
('AY588319', '5', 5, 13494, 14099),
('AY588319', '6', 6, 14087, 14608),
('AY588319', '7', 7, 14598, 14984);

INSERT INTO Publications VALUES
(0, 1999, 'North American and European porcine reproductive and respiratory syndrome viruses differ in non-structural protein coding regions.'),
(1, 2004, 'Two single amino acid changes in GP2a are responsible for cell culture adaptation of European porcine reproductive and respiratory syndrome virus');

INSERT INTO Researchers VALUES
(0, 'Fernando A. Osorio', 'fosorio1@unl.edu', 'University of Nebraska-Lincoln'),
(1, 'Alan R Doster', 'ADOSTER1@UNL.EDU', 'University of Nebraska-Lincoln');

INSERT INTO Publication_Researcher VALUES
(0,0),
(0,1);

INSERT INTO Publishers VALUES
(0, 'Journal of General Virology'),
(1, 'Infectious Diseases, Animal Sciences Group, Edelhertweg 15, Lelystad P.O. Box 65, Netherlands');

INSERT INTO Publisher_Publication VALUES
(0,0),
(1,1);

INSERT INTO Strain_Publication VALUES
('AF046869', 0),
('AY588319', 1);